id,firstname,lastname,email,email2,profession
100,Gale,Nea,Gale.Nea@yopmail.com,Gale.Nea@gmail.com,developer
101,Ericka,Lemuela,Ericka.Lemuela@yopmail.com,Ericka.Lemuela@gmail.com,developer
102,Shell,Gusella,Shell.Gusella@yopmail.com,Shell.Gusella@gmail.com,doctor
103,Paola,Vins,Paola.Vins@yopmail.com,Paola.Vins@gmail.com,developer
104,Teriann,Erlandson,Teriann.Erlandson@yopmail.com,Teriann.Erlandson@gmail.com,police officer
105,Moyna,Iaverne,Moyna.Iaverne@yopmail.com,Moyna.Iaverne@gmail.com,doctor
106,Hildegaard,Brunell,Hildegaard.Brunell@yopmail.com,Hildegaard.Brunell@gmail.com,police officer
107,Alie,Maiah,Alie.Maiah@yopmail.com,Alie.Maiah@gmail.com,police officer
108,Zaria,Devlen,Zaria.Devlen@yopmail.com,Zaria.Devlen@gmail.com,worker
109,Tracey,Morehouse,Tracey.Morehouse@yopmail.com,Tracey.Morehouse@gmail.com,worker
110,Ninnetta,Wolfgram,Ninnetta.Wolfgram@yopmail.com,Ninnetta.Wolfgram@gmail.com,doctor
111,Annabela,Ellord,Annabela.Ellord@yopmail.com,Annabela.Ellord@gmail.com,developer
112,Flo,Salvidor,Flo.Salvidor@yopmail.com,Flo.Salvidor@gmail.com,worker
113,Jasmina,Mozelle,Jasmina.Mozelle@yopmail.com,Jasmina.Mozelle@gmail.com,worker
114,Nyssa,Gamaliel,Nyssa.Gamaliel@yopmail.com,Nyssa.Gamaliel@gmail.com,developer
115,Cecile,Sidonius,Cecile.Sidonius@yopmail.com,Cecile.Sidonius@gmail.com,developer
116,Elena,Silvan,Elena.Silvan@yopmail.com,Elena.Silvan@gmail.com,firefighter
117,Tomasina,Shelba,Tomasina.Shelba@yopmail.com,Tomasina.Shelba@gmail.com,police officer
118,Ketti,Crudden,Ketti.Crudden@yopmail.com,Ketti.Crudden@gmail.com,worker
119,Neila,Brunell,Neila.Brunell@yopmail.com,Neila.Brunell@gmail.com,firefighter
120,Mariann,Vanni,Mariann.Vanni@yopmail.com,Mariann.Vanni@gmail.com,firefighter
121,Joeann,Bow,Joeann.Bow@yopmail.com,Joeann.Bow@gmail.com,worker
122,Florie,Tippets,Florie.Tippets@yopmail.com,Florie.Tippets@gmail.com,police officer
123,Jinny,Raseda,Jinny.Raseda@yopmail.com,Jinny.Raseda@gmail.com,worker
124,Nelle,Nahum,Nelle.Nahum@yopmail.com,Nelle.Nahum@gmail.com,police officer
